<?xml version="1.0" encoding="UTF-8"?>
<catalog xmlns="urn:oasis:names:tc:entity:xmlns:xml:catalog">
<!--DITA BASE-->

   <group><!-- System ID (URL) catalog entries -->
      <system systemId="urn:oasis:names:tc:dita:xsd:ditaval.xsd:1.3"
              uri="xsd/ditaval.xsd"/>
      <system systemId="urn:oasis:names:tc:dita:xsd:ditaval.xsd"
              uri="xsd/ditaval.xsd"/>
   </group>
   <group><!-- Public ID (URN) catalog entries -->
      <uri name="urn:oasis:names:tc:dita:xsd:ditaval.xsd:1.3"
           uri="xsd/ditaval.xsd"/>
      <uri name="urn:oasis:names:tc:dita:xsd:ditaval.xsd" uri="xsd/ditaval.xsd"/>
   </group>
</catalog>
